Question 1,Poss answer 1`Poss answer 2`Poss answer 3`Poss answer 4
Question 2,Poss answer 1`Poss answer 2`Poss answer 3`Poss answer 4
Question 3,Poss answer 1`Poss answer 2`Poss answer 3`Poss answer 4
Question 4,Poss answer 1`Poss answer 2`Poss answer 3`Poss answer 4
Question 5,Poss answer 1`Poss answer 2`Poss answer 3`Poss answer 4
Question 6,Poss answer 1`Poss answer 2`Poss answer 3`Poss answer 4
Question 7,Poss answer 1`Poss answer 2`Poss answer 3`Poss answer 4
Question 8,Poss answer 1`Poss answer 2`Poss answer 3`Poss answer 4
Question 9,Poss answer 1`Poss answer 2`Poss answer 3`Poss answer 4
Question 10,Poss answer 1`Poss answer 2`Poss answer 3`Poss answer 4
1,2,3,4,1,2,3,4,1,2
//Above line is a list of the correct answers